{
    "amazon.com": {
        "ipv4_addresses": [
            ":  205.251.242.103\r",
            ":  176.32.103.205\r",
            ":  54.239.28.85\r"
        ],
        "scan_time": 1647125711.712444
    },
    "asee.org": {
        "ipv4_addresses": [
            " 20.49.104.48\r"
        ],
        "scan_time": 1647125854.4515016
    },
    "auditoryneuroscience.com": {
        "ipv4_addresses": [
            " 144.214.26.111\r"
        ],
        "scan_time": 1647125843.9246888
    },
    "clocktab.com": {
        "ipv4_addresses": [
            ":  2606:4700:130:436c:6f75:6466:6c61:7265\r",
            ":  2a06:98c1:3120:8000::\r",
            ":  2606:4700:3036::ac43:dc18\r",
            ":  2606:4700:3030::6815:2377\r"
        ],
        "scan_time": 1647125836.3485239
    },
    "en.wikipedia.org": {
        "ipv4_addresses": [
            ":  2620:0:860:ed1a::1\r",
            ":  2620:0:861:ed1a::1\r",
            ":  2620:0:862:ed1a::1\r"
        ],
        "scan_time": 1647125688.660238
    },
    "facebook.com": {
        "ipv4_addresses": [
            ":  2a03:2880:f12d:181:face:b00c:0:25de\r",
            ":  2a03:2880:f134:183:face:b00c:0:25de\r",
            ":  2a03:2880:f127:283:face:b00c:0:25de\r",
            ":  2a03:2880:f127:83:face:b00c:0:25de\r"
        ],
        "scan_time": 1647125702.981771
    },
    "fandom.com": {
        "ipv4_addresses": [
            ":  151.101.0.194\r",
            ":  151.101.64.194\r",
            ":  151.101.192.194\r",
            ":  151.101.128.194\r"
        ],
        "scan_time": 1647125742.2039316
    },
    "gradeinflation.com": {
        "ipv4_addresses": [
            " 51.79.45.180\r"
        ],
        "scan_time": 1647125864.0088449
    },
    "illinois.edu": {
        "ipv4_addresses": [
            " 192.17.172.3\r"
        ],
        "scan_time": 1647125821.8303597
    },
    "imdb.com": {
        "ipv4_addresses": [
            ":  52.94.225.248\r",
            ":  52.94.237.74\r",
            ":  52.94.228.167\r"
        ],
        "scan_time": 1647125732.6473083
    },
    "instagram.com": {
        "ipv4_addresses": [
            ":  2a03:2880:f227:2e5:face:b00c:0:4420\r",
            ":  2a03:2880:f234:e5:face:b00c:0:4420\r",
            ":  2a03:2880:f22d:1e6:face:b00c:0:4420\r",
            ":  2a03:2880:f242:1e0:face:b00c:0:4420\r",
            ":  2a03:2880:f227:e5:face:b00c:0:4420\r"
        ],
        "scan_time": 1647125765.1649463
    },
    "it.eecs.northwestern.edu": {
        "ipv4_addresses": [
            " 129.105.5.142\r"
        ],
        "scan_time": 1647125807.2102208
    },
    "kellogg.northwestern.edu": {
        "ipv4_addresses": [
            " 165.124.147.150\r"
        ],
        "scan_time": 1647125793.0909328
    },
    "kli.org": {
        "ipv4_addresses": [
            ":  2606:4700:130:436c:6f75:6466:6c61:7265\r",
            ":  2606:4700:3033::6815:4a9\r",
            ":  2606:4700:3035::ac43:8448\r",
            ":  2a06:98c1:3120::2\r"
        ],
        "scan_time": 1647125885.8796136
    },
    "mccormick.northwestern.edu": {
        "ipv4_addresses": [
            " 129.105.1.129\r"
        ],
        "scan_time": 1647125786.2785163
    },
    "northwestern.edu": {
        "ipv4_addresses": [
            " 129.105.136.48\r"
        ],
        "scan_time": 1647125779.1004984
    },
    "pinterest.com": {
        "ipv4_addresses": [
            ":  151.101.128.84\r",
            ":  151.101.0.84\r",
            ":  151.101.64.84\r"
        ],
        "scan_time": 1647125751.1707017
    },
    "pmichaud.com": {
        "ipv4_addresses": [
            " 23.254.203.248\r"
        ],
        "scan_time": 1647125878.74034
    },
    "reddit.com": {
        "ipv4_addresses": [
            ":  151.101.129.140\r",
            ":  151.101.193.140\r",
            ":  151.101.65.140\r",
            ":  151.101.1.140\r"
        ],
        "scan_time": 1647125725.7409265
    },
    "spacejam.com": {
        "ipv4_addresses": [
            ":  99.83.180.228\r",
            ":  75.2.104.223\r"
        ],
        "scan_time": 1647125871.4717386
    },
    "stevetarzia.com": {
        "ipv4_addresses": [
            " 54.245.121.172\r"
        ],
        "scan_time": 1647125829.269267
    },
    "tripadvisor.com": {
        "ipv4_addresses": [
            ":  151.101.130.28\r",
            ":  151.101.66.28\r",
            ":  151.101.2.28\r"
        ],
        "scan_time": 1647125758.316867
    },
    "twitter.com": {
        "ipv4_addresses": [
            ":  104.244.42.65\r",
            ":  104.244.42.1\r",
            ":  104.244.42.193\r",
            ":  104.244.42.129\r",
            " 104.244.42.1\r"
        ],
        "scan_time": 1647125696.1869943
    },
    "uchicago.edu": {
        "ipv4_addresses": [
            " 34.200.129.209\r"
        ],
        "scan_time": 1647125814.5686886
    },
    "users.cs.northwestern.edu": {
        "ipv4_addresses": [
            " 165.124.180.20\r"
        ],
        "scan_time": 1647125800.159107
    },
    "walmart.com": {
        "ipv4_addresses": [
            ":  161.170.232.170\r",
            ":  161.170.230.170\r"
        ],
        "scan_time": 1647125772.1088448
    },
    "yelp.com": {
        "ipv4_addresses": [
            " 151.101.68.116\r",
            " 146.75.76.116\r",
            " 151.101.36.116\r",
            " 199.232.8.116\r",
            " 151.101.124.116\r"
        ],
        "scan_time": 1647125718.7189841
    },
    "youtube.com": {
        "ipv4_addresses": [
            ":  2607:f8b0:4009:814::200e\r",
            ":  2607:f8b0:4009:806::200e\r",
            ":  2607:f8b0:4009:818::200e\r",
            ":  2607:f8b0:4009:81c::200e\r",
            ":  2a00:1450:4001:82a::200e\r",
            ":  2607:f8b0:4000:818::200e\r",
            ":  2607:f8b0:4009:801::200e\r",
            ":  2607:f8b0:400b:807::200e\r"
        ],
        "scan_time": 1647125681.8993542
    }
}